{
  "expo": {
    "owner": "plusnarrative",
    "name": "Plus Components",
    "slug": "plus-components",
    "description": "Once apon a time in a land far, far away, there lived an engineer who sucked at placeholder text.",
    "privacy": "hidden",
    "platforms": ["android", "ios"],
    "orientation": "portrait",
    "userInterfaceStyle": "light",
    "backgroundColor": "#FFFFFF",
    "primaryColor": "#B72430",
    "icon": "./assets/icon.png",
    "splash": {
      "resizeMode": "contain",
      "backgroundColor": "#FFFFFF",
      "image": "./assets/splash.png"
    }
  }
}
